,_id_x,name_x,category_code,founded_year,description,address1,address2,zip_code,city,state_code,country_code,location_x,airports,starbucks,location_y,name_y,location,name
0,5e3eeed3109ec6a6b6168c30,Fixya,web,2013,,One Franklin Parkway,"Building 910, Suite 110",94401,San Mateo,CA,USA,"{'type': 'Point', 'coordinates': [-122.323895, 37.566879]}","[{'_id': ObjectId('5e3eb439f2e7195d5be3c102'), 'location': {'type': 'Point', 'coordinates': [-122.38347, 37.617025]}, 'scalerank': 2, 'name': ""San Francisco Int'l"", 'abbrev': 'SFO', 'gps_code': 'KSFO', 'iata_code': 'SFO', 'natlscale': 150}]","[{'_id': ObjectId('5e3e9f8390e9e0a166099f21'), 'Brand': 'Starbucks', 'Store Number': '613-327', 'Store Name': '4th St San Mateo', 'Ownership Type': 'Company Owned', 'Street Address': '54 East Fourth Avenue', 'City': 'San Mateo', 'State/Province': 'CA', 'Country': 'US', 'Postcode': 944014002, 'Phone Number': '650-548-1764', 'Timezone': 'GMT-08:00 America/Los_Angeles', 'Longitude': -122.32, 'Latitude': 37.56, 'location': {'type': 'Point', 'coordinates': [-122.32, 37.56]}}]","{'type': 'Point', 'coordinates': [-122.3235943, 37.5668413]}",Curry Up Now,"{'type': 'Point', 'coordinates': [-122.3270935, 37.56566840000001]}",St. Matthew's Episcopal Day School
1,5e3eeed3109ec6a6b6168c33,PeekYou,search,2012,,,,,New York,NY,USA,"{'type': 'Point', 'coordinates': [-73.985506, 40.757929]}","[{'_id': ObjectId('5e3eb439f2e7195d5be3bf78'), 'location': {'type': 'Point', 'coordinates': [-73.871986, 40.774554]}, 'scalerank': 6, 'name': 'LaGuardia', 'abbrev': 'LGA', 'gps_code': 'KLGA', 'iata_code': 'LGA', 'natlscale': 20}]","[{'_id': ObjectId('5e3e9f8390e9e0a16609b76e'), 'Brand': 'Starbucks', 'Store Number': '7670-36979', 'Store Name': '49th & 8th', 'Ownership Type': 'Company Owned', 'Street Address': '825 Eighth Avenue, W-9', 'City': 'New York', 'State/Province': 'NY', 'Country': 'US', 'Postcode': 100197416, 'Phone Number': '212 307 1421', 'Timezone': 'GMT-05:00 America/New_York', 'Longitude': -73.99, 'Latitude': 40.76, 'location': {'type': 'Point', 'coordinates': [-73.99, 40.76]}}]","{'type': 'Point', 'coordinates': [-73.9884826, 40.7524772]}",Beyond Sushi,"{'type': 'Point', 'coordinates': [-73.99308309999999, 40.7653346]}",Park West High School
2,5e3eeed3109ec6a6b6168c3e,Skydeck,mobile,2012,,330 Waverley St.,Suite 3,94301,Palo Alto,CA,USA,"{'type': 'Point', 'coordinates': [-122.3254705, 37.5645375]}","[{'_id': ObjectId('5e3eb439f2e7195d5be3c102'), 'location': {'type': 'Point', 'coordinates': [-122.38347, 37.617025]}, 'scalerank': 2, 'name': ""San Francisco Int'l"", 'abbrev': 'SFO', 'gps_code': 'KSFO', 'iata_code': 'SFO', 'natlscale': 150}]","[{'_id': ObjectId('5e3e9f8390e9e0a166099f21'), 'Brand': 'Starbucks', 'Store Number': '613-327', 'Store Name': '4th St San Mateo', 'Ownership Type': 'Company Owned', 'Street Address': '54 East Fourth Avenue', 'City': 'San Mateo', 'State/Province': 'CA', 'Country': 'US', 'Postcode': 944014002, 'Phone Number': '650-548-1764', 'Timezone': 'GMT-08:00 America/Los_Angeles', 'Longitude': -122.32, 'Latitude': 37.56, 'location': {'type': 'Point', 'coordinates': [-122.32, 37.56]}}]","{'type': 'Point', 'coordinates': [-122.3235943, 37.5668413]}",Curry Up Now,"{'type': 'Point', 'coordinates': [-122.3270935, 37.56566840000001]}",St. Matthew's Episcopal Day School
3,5e3eeed3109ec6a6b6168c41,Handipoints,games_video,2009,,,,,Oakland,CA,USA,"{'type': 'Point', 'coordinates': [-122.214897, 37.772323]}","[{'_id': ObjectId('5e3eb439f2e7195d5be3bef2'), 'location': {'type': 'Point', 'coordinates': [-122.213261, 37.712304]}, 'scalerank': 7, 'name': ""Oakland Int'l"", 'abbrev': 'OAK', 'gps_code': 'KOAK', 'iata_code': 'OAK', 'natlscale': 15}]","[{'_id': ObjectId('5e3e9f8390e9e0a16609964b'), 'Brand': 'Starbucks', 'Store Number': '11161-103516', 'Store Name': 'Tilden & Blanding', 'Ownership Type': 'Company Owned', 'Street Address': '2671 Blanding Avene, D', 'City': 'Alameda', 'State/Province': 'CA', 'Country': 'US', 'Postcode': 945011587, 'Phone Number': '510-337-1091', 'Timezone': 'GMT-08:00 America/Los_Angeles', 'Longitude': -122.23, 'Latitude': 37.77, 'location': {'type': 'Point', 'coordinates': [-122.23, 37.77]}}]","{'type': 'Point', 'coordinates': [-122.2213444, 37.7741025]}",Two Mammas' Vegan Kitchen,"{'type': 'Point', 'coordinates': [-122.2131798, 37.7751429]}",Oakland Charter Academy
4,5e3eeed3109ec6a6b6168c55,Titan Gaming,games_video,2010,Santa Monica Office,"1351 4th Street, 4th floor",,90401,Santa Monica,CA,USA,"{'type': 'Point', 'coordinates': [-113.515769, 53.544711]}","[{'_id': ObjectId('5e3eb439f2e7195d5be3be7d'), 'location': {'type': 'Point', 'coordinates': [-113.522974, 53.570944]}, 'scalerank': 8, 'name': 'Edmonton City Centre', 'abbrev': 'YXD', 'gps_code': 'CYXD', 'iata_code': 'YXD', 'natlscale': 10}]","[{'_id': ObjectId('5e3e9f8290e9e0a166096755'), 'Brand': 'Starbucks', 'Store Number': '4360-6146', 'Store Name': 'Jasper Ave & 109 St', 'Ownership Type': 'Company Owned', 'Street Address': '10116 109th Street, Westgate Shopping Centre', 'City': 'Edmonton', 'State/Province': 'AB', 'Country': 'CA', 'Postcode': 'T5J 1M7', 'Phone Number': '780-425-5133', 'Timezone': 'GMT-07:00 America/Edmonton', 'Longitude': -113.51, 'Latitude': 53.54, 'location': {'type': 'Point', 'coordinates': [-113.51, 53.54]}}]","{'type': 'Point', 'coordinates': [-113.5144264, 53.5406711]}",Die Pie,"{'type': 'Point', 'coordinates': [-113.5241045, 53.5438397]}",Oliver School
5,5e3eeed3109ec6a6b6168c56,Vusion,games_video,2009,,1375 McCandless Drive,,95035,Milpitas,CA,USA,"{'type': 'Point', 'coordinates': [-121.900366, 37.412069]}","[{'_id': ObjectId('5e3eb439f2e7195d5be3bfed'), 'location': {'type': 'Point', 'coordinates': [-121.929429, 37.369491]}, 'scalerank': 5, 'name': ""San Jose Int'l"", 'abbrev': 'SJC', 'gps_code': 'KSJC', 'iata_code': 'SJC', 'natlscale': 30}]","[{'_id': ObjectId('5e3e9f8390e9e0a166099b21'), 'Brand': 'Starbucks', 'Store Number': '23107-210085', 'Store Name': 'Great Mall - Door 3', 'Ownership Type': 'Company Owned', 'Street Address': '477 Great Mall Drive, KI12-1', 'City': 'Milpitas', 'State/Province': 'CA', 'Country': 'US', 'Postcode': 95035, 'Phone Number': '408-945-1457', 'Timezone': 'GMT-08:00 America/Los_Angeles', 'Longitude': -121.9, 'Latitude': 37.41, 'location': {'type': 'Point', 'coordinates': [-121.9, 37.41]}}]","{'type': 'Point', 'coordinates': [-121.8961422, 37.4159472]}",Loving Hut,"{'type': 'Point', 'coordinates': [-121.8984811, 37.405894]}",Mabel Mattos Elementary School
6,5e3eeed3109ec6a6b6168c57,BitRock,software,2009,,"1151 Marina Village Pkwy,",Suite 101,94501,Alameda,CA,USA,"{'type': 'Point', 'coordinates': [-122.274771, 37.78424]}","[{'_id': ObjectId('5e3eb439f2e7195d5be3bef2'), 'location': {'type': 'Point', 'coordinates': [-122.213261, 37.712304]}, 'scalerank': 7, 'name': ""Oakland Int'l"", 'abbrev': 'OAK', 'gps_code': 'KOAK', 'iata_code': 'OAK', 'natlscale': 15}]","[{'_id': ObjectId('5e3e9f8390e9e0a166099649'), 'Brand': 'Starbucks', 'Store Number': '5535-728', 'Store Name': 'Webster & Atlantic - Alameda', 'Ownership Type': 'Company Owned', 'Street Address': '720 Atlantic Avenue', 'City': 'Alameda', 'State/Province': 'CA', 'Country': 'US', 'Postcode': 945012176, 'Phone Number': '510-337-1580', 'Timezone': 'GMT-08:00 America/Los_Angeles', 'Longitude': -122.28, 'Latitude': 37.78, 'location': {'type': 'Point', 'coordinates': [-122.28, 37.78]}}]","{'type': 'Point', 'coordinates': [-122.2704957, 37.7952061]}",Eternal,"{'type': 'Point', 'coordinates': [-122.2853413, 37.7823029]}",Ruby Bridges Elementary School
7,5e3eeed3109ec6a6b6168c59,Pixelmatic,games_video,2011,Vancouver,,,,Vancouver,,CAN,"{'type': 'Point', 'coordinates': [-123.138565, 49.263588]}","[{'_id': ObjectId('5e3eb439f2e7195d5be3c098'), 'location': {'type': 'Point', 'coordinates': [-123.180867, 49.193559]}, 'scalerank': 4, 'name': ""Vancouver Int'l"", 'abbrev': 'YVR', 'gps_code': 'CYVR', 'iata_code': 'YVR', 'natlscale': 50}]","[{'_id': ObjectId('5e3e9f8290e9e0a16609691d'), 'Brand': 'Starbucks', 'Store Number': '162-111', 'Store Name': 'Granville', 'Ownership Type': 'Company Owned', 'Street Address': '2690 Granville St', 'City': 'Vancouver', 'State/Province': 'BC', 'Country': 'CA', 'Postcode': 'V6H 3H2', 'Phone Number': '604-736-8666', 'Timezone': 'GMT-08:00 America/Vancouver', 'Longitude': -123.14, 'Latitude': 49.26, 'location': {'type': 'Point', 'coordinates': [-123.14, 49.26]}}]","{'type': 'Point', 'coordinates': [-123.1352518, 49.27266729999999]}",Chau Veggie Express,"{'type': 'Point', 'coordinates': [-123.1267371, 49.2671453]}",False Creek Elementary School
8,5e3eeed3109ec6a6b6168c74,GetYourGuide,travel,2009,Headquarters,GetYourGuide AG,Technoparkstr. 1,8005,Zurich,,CHE,"{'type': 'Point', 'coordinates': [8.5082891, 47.3912899]}","[{'_id': ObjectId('5e3eb439f2e7195d5be3c0d5'), 'location': {'type': 'Point', 'coordinates': [8.562213, 47.45239]}, 'scalerank': 3, 'name': ""Zurich Int'l"", 'abbrev': 'ZRH', 'gps_code': 'LSZH', 'iata_code': 'ZRH', 'natlscale': 75}]","[{'_id': ObjectId('5e3e9f8290e9e0a166096ca1'), 'Brand': 'Starbucks', 'Store Number': '17946-167165', 'Store Name': 'Europaallee', 'Ownership Type': 'Company Owned', 'Street Address': 'Europaallee 7', 'City': 'Zurich', 'State/Province': 'ZH', 'Country': 'CH', 'Postcode': 8004, 'Phone Number': 41432438959, 'Timezone': 'GMT+1:00 Europe/Zurich', 'Longitude': 8.53, 'Latitude': 47.38, 'location': {'type': 'Point', 'coordinates': [8.53, 47.38]}}]","{'type': 'Point', 'coordinates': [8.5091667, 47.3908333]}",Naanu,"{'type': 'Point', 'coordinates': [8.5208388, 47.3894517]}",Language school
9,5e3eeed3109ec6a6b6168c7d,Non-Member Films,photo_video,2012,Midwest Office,,,,Detroit,MI,USA,"{'type': 'Point', 'coordinates': [-83.045913, 42.330165]}","[{'_id': ObjectId('5e3eb439f2e7195d5be3becd'), 'location': {'type': 'Point', 'coordinates': [-83.003968, 42.409094]}, 'scalerank': 7, 'name': 'Detroit City', 'abbrev': 'DET', 'gps_code': 'KDET', 'iata_code': 'DET', 'natlscale': 15}]","[{'_id': ObjectId('5e3e9f8390e9e0a16609afcd'), 'Brand': 'Starbucks', 'Store Number': '22169-207844', 'Store Name': 'One Kennedy Square - Ernst & Young', 'Ownership Type': 'Licensed', 'Street Address': '777 Woodward AVE STE 140', 'City': 'Detroit', 'State/Province': 'MI', 'Country': 'US', 'Postcode': 48226, 'Phone Number': '313-964-5465', 'Timezone': 'GMT-05:00 America/New_York', 'Longitude': -83.05, 'Latitude': 42.33, 'location': {'type': 'Point', 'coordinates': [-83.05, 42.33]}}]","{'type': 'Point', 'coordinates': [-83.0464145, 42.3341777]}",7 Greens Detroit Salad Co.,"{'type': 'Point', 'coordinates': [-83.03382830000001, 42.3384923]}",Chrysler Elementary School
10,5e3eeed3109ec6a6b6168c7e,Non-Member Films,photo_video,2012,West Coast Office,,,,Venice,CA,USA,"{'type': 'Point', 'coordinates': [-118.462421, 33.989029]}","[{'_id': ObjectId('5e3eb439f2e7195d5be3c0fd'), 'location': {'type': 'Point', 'coordinates': [-118.402469, 33.944174]}, 'scalerank': 2, 'name': ""Los Angeles Int'l"", 'abbrev': 'LAX', 'gps_code': 'KLAX', 'iata_code': 'LAX', 'natlscale': 150}]","[{'_id': ObjectId('5e3e9f8390e9e0a166099af8'), 'Brand': 'Starbucks', 'Store Number': '5713-5903', 'Store Name': 'Washington & Walnut Ave', 'Ownership Type': 'Company Owned', 'Street Address': '13431 Washington Blvd', 'City': 'Marina Del Rey', 'State/Province': 'CA', 'Country': 'US', 'Postcode': 902925658, 'Phone Number': '310-306-8990', 'Timezone': 'GMT-08:00 America/Los_Angeles', 'Longitude': -118.45, 'Latitude': 33.99, 'location': {'type': 'Point', 'coordinates': [-118.45, 33.99]}}]","{'type': 'Point', 'coordinates': [-118.4724679, 33.9923186]}",Plant Food + Wine,"{'type': 'Point', 'coordinates': [-118.462882, 33.9965264]}",Ánimo Venice Charter High School
11,5e3eeed3109ec6a6b6168c80,Burt,advertising,2009,,Karl Gustavsgatan 1A,,41125,Gothenburg,,SWE,"{'type': 'Point', 'coordinates': [18.036587, 59.337864]}","[{'_id': ObjectId('5e3eb439f2e7195d5be3bff7'), 'location': {'type': 'Point', 'coordinates': [17.945618, 59.35559]}, 'scalerank': 5, 'name': 'Bromma', 'abbrev': 'BMA', 'gps_code': 'ESSB', 'iata_code': 'BMA', 'natlscale': 30}]","[{'_id': ObjectId('5e3e9f8390e9e0a166098f0c'), 'Brand': 'Starbucks', 'Store Number': '20659-206824', 'Store Name': 'Stockholm Central Station', 'Ownership Type': 'Licensed', 'Street Address': 'Stockholm Centralstation', 'City': 'Stockholm', 'State/Province': 'AB', 'Country': 'SE', 'Postcode': '101 35', 'Phone Number': '', 'Timezone': 'GMT+1:00 Europe/Stockholm', 'Longitude': 18.06, 'Latitude': 59.33, 'location': {'type': 'Point', 'coordinates': [18.06, 59.33]}}]","{'type': 'Point', 'coordinates': [18.0502028, 59.3435077]}",MyVegina,"{'type': 'Point', 'coordinates': [18.0273403, 59.3325218]}",Sweden-Finnish School in Stockholm
12,5e3eeed3109ec6a6b6168c83,Kidos,games_video,2011,Corporate Headquarters,153 Roebling St.,,11211,Brooklyn,NY,USA,"{'type': 'Point', 'coordinates': [-73.957854, 40.714056]}","[{'_id': ObjectId('5e3eb439f2e7195d5be3bf78'), 'location': {'type': 'Point', 'coordinates': [-73.871986, 40.774554]}, 'scalerank': 6, 'name': 'LaGuardia', 'abbrev': 'LGA', 'gps_code': 'KLGA', 'iata_code': 'LGA', 'natlscale': 20}]","[{'_id': ObjectId('5e3e9f8390e9e0a16609b6b7'), 'Brand': 'Starbucks', 'Store Number': '22596-222524', 'Store Name': '154 N Seventh St', 'Ownership Type': 'Company Owned', 'Street Address': '154 N Seventh St', 'City': 'Brooklyn', 'State/Province': 'NY', 'Country': 'US', 'Postcode': 11211, 'Phone Number': 7183840152, 'Timezone': 'GMT-05:00 America/New_York', 'Longitude': -73.96, 'Latitude': 40.72, 'location': {'type': 'Point', 'coordinates': [-73.96, 40.72]}}]","{'type': 'Point', 'coordinates': [-73.9512393, 40.7098014]}",Modern Love,"{'type': 'Point', 'coordinates': [-73.9547924, 40.715345]}",New York City Board of Edu
13,5e3eeed3109ec6a6b6168c8b,Kidos,games_video,2011,Mailing Address,"355 E. 72nd St., Suite 4E",,10021,New York,NY,USA,"{'type': 'Point', 'coordinates': [-73.956599, 40.768058]}","[{'_id': ObjectId('5e3eb439f2e7195d5be3bf78'), 'location': {'type': 'Point', 'coordinates': [-73.871986, 40.774554]}, 'scalerank': 6, 'name': 'LaGuardia', 'abbrev': 'LGA', 'gps_code': 'KLGA', 'iata_code': 'LGA', 'natlscale': 20}]","[{'_id': ObjectId('5e3e9f8390e9e0a16609b78c'), 'Brand': 'Starbucks', 'Store Number': '7682-50401', 'Store Name': '76th & Second', 'Ownership Type': 'Company Owned', 'Street Address': '1449 Second Avenue', 'City': 'New York', 'State/Province': 'NY', 'Country': 'US', 'Postcode': 100212904, 'Phone Number': '212-472-0653', 'Timezone': 'GMT-05:00 America/New_York', 'Longitude': -73.96, 'Latitude': 40.77, 'location': {'type': 'Point', 'coordinates': [-73.96, 40.77]}}]","{'type': 'Point', 'coordinates': [-73.9591308, 40.7714726]}",Candle Cafe,"{'type': 'Point', 'coordinates': [-73.9460919, 40.774031]}",The Chapin School
14,5e3eeed3109ec6a6b6168c8c,Non-Member Films,photo_video,2012,West Coast Office,,,,Venice,CA,USA,"{'type': 'Point', 'coordinates': [-118.462421, 33.989029]}","[{'_id': ObjectId('5e3eb439f2e7195d5be3c0fd'), 'location': {'type': 'Point', 'coordinates': [-118.402469, 33.944174]}, 'scalerank': 2, 'name': ""Los Angeles Int'l"", 'abbrev': 'LAX', 'gps_code': 'KLAX', 'iata_code': 'LAX', 'natlscale': 150}]","[{'_id': ObjectId('5e3e9f8390e9e0a166099af8'), 'Brand': 'Starbucks', 'Store Number': '5713-5903', 'Store Name': 'Washington & Walnut Ave', 'Ownership Type': 'Company Owned', 'Street Address': '13431 Washington Blvd', 'City': 'Marina Del Rey', 'State/Province': 'CA', 'Country': 'US', 'Postcode': 902925658, 'Phone Number': '310-306-8990', 'Timezone': 'GMT-08:00 America/Los_Angeles', 'Longitude': -118.45, 'Latitude': 33.99, 'location': {'type': 'Point', 'coordinates': [-118.45, 33.99]}}]","{'type': 'Point', 'coordinates': [-118.4724679, 33.9923186]}",Plant Food + Wine,"{'type': 'Point', 'coordinates': [-118.462882, 33.9965264]}",Ánimo Venice Charter High School
15,5e3eeed3109ec6a6b6168c8d,Non-Member Films,photo_video,2012,Midwest Office,,,,Detroit,MI,USA,"{'type': 'Point', 'coordinates': [-83.045913, 42.330165]}","[{'_id': ObjectId('5e3eb439f2e7195d5be3becd'), 'location': {'type': 'Point', 'coordinates': [-83.003968, 42.409094]}, 'scalerank': 7, 'name': 'Detroit City', 'abbrev': 'DET', 'gps_code': 'KDET', 'iata_code': 'DET', 'natlscale': 15}]","[{'_id': ObjectId('5e3e9f8390e9e0a16609afcd'), 'Brand': 'Starbucks', 'Store Number': '22169-207844', 'Store Name': 'One Kennedy Square - Ernst & Young', 'Ownership Type': 'Licensed', 'Street Address': '777 Woodward AVE STE 140', 'City': 'Detroit', 'State/Province': 'MI', 'Country': 'US', 'Postcode': 48226, 'Phone Number': '313-964-5465', 'Timezone': 'GMT-05:00 America/New_York', 'Longitude': -83.05, 'Latitude': 42.33, 'location': {'type': 'Point', 'coordinates': [-83.05, 42.33]}}]","{'type': 'Point', 'coordinates': [-83.0464145, 42.3341777]}",7 Greens Detroit Salad Co.,"{'type': 'Point', 'coordinates': [-83.03382830000001, 42.3384923]}",Chrysler Elementary School
16,5e3eeed3109ec6a6b6168c8f,Burt,advertising,2009,,Karl Gustavsgatan 1A,,41125,Gothenburg,,SWE,"{'type': 'Point', 'coordinates': [18.036587, 59.337864]}","[{'_id': ObjectId('5e3eb439f2e7195d5be3bff7'), 'location': {'type': 'Point', 'coordinates': [17.945618, 59.35559]}, 'scalerank': 5, 'name': 'Bromma', 'abbrev': 'BMA', 'gps_code': 'ESSB', 'iata_code': 'BMA', 'natlscale': 30}]","[{'_id': ObjectId('5e3e9f8390e9e0a166098f0c'), 'Brand': 'Starbucks', 'Store Number': '20659-206824', 'Store Name': 'Stockholm Central Station', 'Ownership Type': 'Licensed', 'Street Address': 'Stockholm Centralstation', 'City': 'Stockholm', 'State/Province': 'AB', 'Country': 'SE', 'Postcode': '101 35', 'Phone Number': '', 'Timezone': 'GMT+1:00 Europe/Stockholm', 'Longitude': 18.06, 'Latitude': 59.33, 'location': {'type': 'Point', 'coordinates': [18.06, 59.33]}}]","{'type': 'Point', 'coordinates': [18.0502028, 59.3435077]}",MyVegina,"{'type': 'Point', 'coordinates': [18.0273403, 59.3325218]}",Sweden-Finnish School in Stockholm
17,5e3eeed3109ec6a6b6168c92,Kidos,games_video,2011,Corporate Headquarters,153 Roebling St.,,11211,Brooklyn,NY,USA,"{'type': 'Point', 'coordinates': [-73.957854, 40.714056]}","[{'_id': ObjectId('5e3eb439f2e7195d5be3bf78'), 'location': {'type': 'Point', 'coordinates': [-73.871986, 40.774554]}, 'scalerank': 6, 'name': 'LaGuardia', 'abbrev': 'LGA', 'gps_code': 'KLGA', 'iata_code': 'LGA', 'natlscale': 20}]","[{'_id': ObjectId('5e3e9f8390e9e0a16609b6b7'), 'Brand': 'Starbucks', 'Store Number': '22596-222524', 'Store Name': '154 N Seventh St', 'Ownership Type': 'Company Owned', 'Street Address': '154 N Seventh St', 'City': 'Brooklyn', 'State/Province': 'NY', 'Country': 'US', 'Postcode': 11211, 'Phone Number': 7183840152, 'Timezone': 'GMT-05:00 America/New_York', 'Longitude': -73.96, 'Latitude': 40.72, 'location': {'type': 'Point', 'coordinates': [-73.96, 40.72]}}]","{'type': 'Point', 'coordinates': [-73.9512393, 40.7098014]}",Modern Love,"{'type': 'Point', 'coordinates': [-73.9547924, 40.715345]}",New York City Board of Edu
18,5e3eeed3109ec6a6b6168c93,Kidos,games_video,2011,Mailing Address,"355 E. 72nd St., Suite 4E",,10021,New York,NY,USA,"{'type': 'Point', 'coordinates': [-73.956599, 40.768058]}","[{'_id': ObjectId('5e3eb439f2e7195d5be3bf78'), 'location': {'type': 'Point', 'coordinates': [-73.871986, 40.774554]}, 'scalerank': 6, 'name': 'LaGuardia', 'abbrev': 'LGA', 'gps_code': 'KLGA', 'iata_code': 'LGA', 'natlscale': 20}]","[{'_id': ObjectId('5e3e9f8390e9e0a16609b78c'), 'Brand': 'Starbucks', 'Store Number': '7682-50401', 'Store Name': '76th & Second', 'Ownership Type': 'Company Owned', 'Street Address': '1449 Second Avenue', 'City': 'New York', 'State/Province': 'NY', 'Country': 'US', 'Postcode': 100212904, 'Phone Number': '212-472-0653', 'Timezone': 'GMT-05:00 America/New_York', 'Longitude': -73.96, 'Latitude': 40.77, 'location': {'type': 'Point', 'coordinates': [-73.96, 40.77]}}]","{'type': 'Point', 'coordinates': [-73.9591308, 40.7714726]}",Candle Cafe,"{'type': 'Point', 'coordinates': [-73.9460919, 40.774031]}",The Chapin School
19,5e3eeed3109ec6a6b6168cab,isocket,advertising,2009,,270 East Lane,Suite 1,94010,Burlingame,CA,USA,"{'type': 'Point', 'coordinates': [-122.321836, 37.55909]}","[{'_id': ObjectId('5e3eb439f2e7195d5be3c102'), 'location': {'type': 'Point', 'coordinates': [-122.38347, 37.617025]}, 'scalerank': 2, 'name': ""San Francisco Int'l"", 'abbrev': 'SFO', 'gps_code': 'KSFO', 'iata_code': 'SFO', 'natlscale': 150}]","[{'_id': ObjectId('5e3e9f8390e9e0a166099f21'), 'Brand': 'Starbucks', 'Store Number': '613-327', 'Store Name': '4th St San Mateo', 'Ownership Type': 'Company Owned', 'Street Address': '54 East Fourth Avenue', 'City': 'San Mateo', 'State/Province': 'CA', 'Country': 'US', 'Postcode': 944014002, 'Phone Number': '650-548-1764', 'Timezone': 'GMT-08:00 America/Los_Angeles', 'Longitude': -122.32, 'Latitude': 37.56, 'location': {'type': 'Point', 'coordinates': [-122.32, 37.56]}}]","{'type': 'Point', 'coordinates': [-122.3235943, 37.5668413]}",Curry Up Now,"{'type': 'Point', 'coordinates': [-122.3270935, 37.56566840000001]}",St. Matthew's Episcopal Day School
20,5e3eeed3109ec6a6b6168cb3,StudyBlue,education,2009,,612 W. Main St.,Ste 201,53703,Madison,WI,USA,"{'type': 'Point', 'coordinates': [-89.39256, 43.068006]}","[{'_id': ObjectId('5e3eb439f2e7195d5be3bfe6'), 'location': {'type': 'Point', 'coordinates': [-89.345785, 43.136308]}, 'scalerank': 5, 'name': 'Dane Cty. Reg. (Truax Field)', 'abbrev': 'MSN', 'gps_code': 'KMSN', 'iata_code': 'MSN', 'natlscale': 30}]","[{'_id': ObjectId('5e3e9f8390e9e0a16609c841'), 'Brand': 'Starbucks', 'Store Number': '2309-1816', 'Store Name': 'State & Lake', 'Ownership Type': 'Company Owned', 'Street Address': '661 State Street, West Towne Madison', 'City': 'Madison', 'State/Province': 'WI', 'Country': 'US', 'Postcode': 537031049, 'Phone Number': '(608) 294-8345', 'Timezone': 'GMT-06:00 America/Chicago', 'Longitude': -89.4, 'Latitude': 43.07, 'location': {'type': 'Point', 'coordinates': [-89.4, 43.07]}}]","{'type': 'Point', 'coordinates': [-89.386999, 43.074913]}",Ian's Pizza on State,"{'type': 'Point', 'coordinates': [-89.400172, 43.07386400000001]}",UW-Madison School of Music
21,5e3eeed3109ec6a6b6168cba,HyperWeek,social,2009,,Rue de la Colline 10,,1205,Geneva,,CHE,"{'type': 'Point', 'coordinates': [6.1503245, 46.2121463]}","[{'_id': ObjectId('5e3eb439f2e7195d5be3bff3'), 'location': {'type': 'Point', 'coordinates': [6.107946, 46.23101]}, 'scalerank': 5, 'name': 'Geneva', 'abbrev': 'GVA', 'gps_code': 'LSGG', 'iata_code': 'GVA', 'natlscale': 30}]","[{'_id': ObjectId('5e3e9f8290e9e0a166096c80'), 'Brand': 'Starbucks', 'Store Number': '40024-96840', 'Store Name': 'Quai des Bergues', 'Ownership Type': 'Company Owned', 'Street Address': 'Quai des Bergues 23', 'City': 'Geneve', 'State/Province': 'GE', 'Country': 'CH', 'Postcode': 1201, 'Phone Number': '41 22 732 43 62', 'Timezone': 'GMT+1:00 Europe/Paris', 'Longitude': 6.15, 'Latitude': 46.21, 'location': {'type': 'Point', 'coordinates': [6.15, 46.21]}}]","{'type': 'Point', 'coordinates': [6.1554062, 46.2038421]}",Alive,"{'type': 'Point', 'coordinates': [6.1450752, 46.2067241]}",EU Business School | Geneva
22,5e3eeed3109ec6a6b6168cc1,Social1000,network_hosting,2009,Headquarters,,,,Seattle,WA,USA,"{'type': 'Point', 'coordinates': [-149.899597, 61.216583]}","[{'_id': ObjectId('5e3eb439f2e7195d5be3c0e1'), 'location': {'type': 'Point', 'coordinates': [-149.981725, 61.172894]}, 'scalerank': 2, 'name': ""Anchorage Int'l"", 'abbrev': 'ANC', 'gps_code': 'PALH', 'iata_code': 'ANC', 'natlscale': 150}]","[{'_id': ObjectId('5e3e9f8390e9e0a1660993af'), 'Brand': 'Teavana', 'Store Number': '28191-249962', 'Store Name': 'Teavana - Anchorage Fifth Avenue', 'Ownership Type': 'Company Owned', 'Street Address': '320 West 5th Avenue, #D50A', 'City': 'Anchorage', 'State/Province': 'AK', 'Country': 'US', 'Postcode': 99501, 'Phone Number': '907-274-2022', 'Timezone': 'GMT-09:00 America/Anchorage', 'Longitude': -149.89, 'Latitude': 61.22, 'location': {'type': 'Point', 'coordinates': [-149.89, 61.22]}}]","{'type': 'Point', 'coordinates': [-149.904348, 61.218557]}",El Green-Go's,"{'type': 'Point', 'coordinates': [-149.8890374, 61.20813839999999]}",Paideia Cooperative School
23,5e3eeed3109ec6a6b6168cc3,Unison Technologies,software,2011,Headquarters,"424 W 33rd Street, Suite 410",,10001,New York,NY,USA,"{'type': 'Point', 'coordinates': [-73.9799007, 40.7645772]}","[{'_id': ObjectId('5e3eb439f2e7195d5be3bf78'), 'location': {'type': 'Point', 'coordinates': [-73.871986, 40.774554]}, 'scalerank': 6, 'name': 'LaGuardia', 'abbrev': 'LGA', 'gps_code': 'KLGA', 'iata_code': 'LGA', 'natlscale': 20}]","[{'_id': ObjectId('5e3e9f8390e9e0a16609b77e'), 'Brand': 'Starbucks', 'Store Number': '7462-233844', 'Store Name': '45th & 5th', 'Ownership Type': 'Company Owned', 'Street Address': '2 West 45th', 'City': 'New York', 'State/Province': 'NY', 'Country': 'US', 'Postcode': 10036, 'Phone Number': 2128690619, 'Timezone': 'GMT-05:00 America/New_York', 'Longitude': -73.98, 'Latitude': 40.76, 'location': {'type': 'Point', 'coordinates': [-73.98, 40.76]}}]","{'type': 'Point', 'coordinates': [-73.9788916, 40.7577363]}",by CHLOE. Rock Center,"{'type': 'Point', 'coordinates': [-73.9692663, 40.765039]}",Browning School
24,5e3eeed3109ec6a6b6168cf4,MyFolio,network_hosting,2009,,560 S. Winchester Blvd.,Suite 500,95128,San Jose,CA,USA,"{'type': 'Point', 'coordinates': [-121.948532, 37.317649]}","[{'_id': ObjectId('5e3eb439f2e7195d5be3bfed'), 'location': {'type': 'Point', 'coordinates': [-121.929429, 37.369491]}, 'scalerank': 5, 'name': ""San Jose Int'l"", 'abbrev': 'SJC', 'gps_code': 'KSJC', 'iata_code': 'SJC', 'natlscale': 30}]","[{'_id': ObjectId('5e3e9f8390e9e0a166099ee9'), 'Brand': 'Starbucks', 'Store Number': '6607-68400', 'Store Name': 'Santana Row', 'Ownership Type': 'Company Owned', 'Street Address': '3055 Olin Avenue, 1025', 'City': 'San Jose', 'State/Province': 'CA', 'Country': 'US', 'Postcode': 951282067, 'Phone Number': '408-241-3877', 'Timezone': 'GMT-08:00 America/Los_Angeles', 'Longitude': -121.95, 'Latitude': 37.32, 'location': {'type': 'Point', 'coordinates': [-121.95, 37.32]}}]","{'type': 'Point', 'coordinates': [-121.9490348, 37.3210366]}",Veggie Grill,"{'type': 'Point', 'coordinates': [-121.943694, 37.3088481]}",Monroe Middle School
25,5e3eeed3109ec6a6b6168cf5,GrouperEye,web,2009,DC Office,,,20007,Washington,DC,USA,"{'type': 'Point', 'coordinates': [-77.0852258, 38.9169394]}","[{'_id': ObjectId('5e3eb439f2e7195d5be3bdf8'), 'location': {'type': 'Point', 'coordinates': [-77.043337, 38.853716]}, 'scalerank': 8, 'name': ""Washington Nat'l"", 'abbrev': 'DCA', 'gps_code': 'KDCA', 'iata_code': 'DCA', 'natlscale': 10}]","[{'_id': ObjectId('5e3e9f8390e9e0a16609a3c6'), 'Brand': 'Starbucks', 'Store Number': '3716-145344', 'Store Name': 'Safeway - Washington #693', 'Ownership Type': 'Licensed', 'Street Address': '4865 MacArthur Blvd NW', 'City': 'Washington', 'State/Province': 'DC', 'Country': 'US', 'Postcode': 200071577, 'Phone Number': '202-337-5649', 'Timezone': 'GMT-05:00 America/New_York', 'Longitude': -77.1, 'Latitude': 38.92, 'location': {'type': 'Point', 'coordinates': [-77.1, 38.92]}}]","{'type': 'Point', 'coordinates': [-77.07158299999999, 38.920775]}",Sprig and Sprout,"{'type': 'Point', 'coordinates': [-77.0790952, 38.9230112]}",Stoddert Elementary School
26,5e3eeed3109ec6a6b6168cfe,Talari Networks,enterprise,2009,Headquarters,550 S. Winchester Blvd.,Suite 500,95128,San Jose,CA,USA,"{'type': 'Point', 'coordinates': [-121.949417, 37.317735]}","[{'_id': ObjectId('5e3eb439f2e7195d5be3bfed'), 'location': {'type': 'Point', 'coordinates': [-121.929429, 37.369491]}, 'scalerank': 5, 'name': ""San Jose Int'l"", 'abbrev': 'SJC', 'gps_code': 'KSJC', 'iata_code': 'SJC', 'natlscale': 30}]","[{'_id': ObjectId('5e3e9f8390e9e0a166099ee9'), 'Brand': 'Starbucks', 'Store Number': '6607-68400', 'Store Name': 'Santana Row', 'Ownership Type': 'Company Owned', 'Street Address': '3055 Olin Avenue, 1025', 'City': 'San Jose', 'State/Province': 'CA', 'Country': 'US', 'Postcode': 951282067, 'Phone Number': '408-241-3877', 'Timezone': 'GMT-08:00 America/Los_Angeles', 'Longitude': -121.95, 'Latitude': 37.32, 'location': {'type': 'Point', 'coordinates': [-121.95, 37.32]}}]","{'type': 'Point', 'coordinates': [-121.9490348, 37.3210366]}",Veggie Grill,"{'type': 'Point', 'coordinates': [-121.943694, 37.3088481]}",Monroe Middle School
27,5e3eeed3109ec6a6b6168d02,Talari Networks,enterprise,2009,Research and Development,1100 Perimeter Park Dr,,27560,Morrisville,NC,USA,"{'type': 'Point', 'coordinates': [-78.8267112, 35.8535092]}","[{'_id': ObjectId('5e3eb439f2e7195d5be3c07b'), 'location': {'type': 'Point', 'coordinates': [-78.791381, 35.875232]}, 'scalerank': 4, 'name': ""Durham Int'l"", 'abbrev': 'RDU', 'gps_code': 'KRDU', 'iata_code': 'RDU', 'natlscale': 50}]","[{'_id': ObjectId('5e3e9f8390e9e0a16609b353'), 'Brand': 'Starbucks', 'Store Number': '21592-212352', 'Store Name': 'RDU T1 Post-Security', 'Ownership Type': 'Licensed', 'Street Address': '2400 John Brantley Blvd, Davis Commons', 'City': 'Morrisville', 'State/Province': 'NC', 'Country': 'US', 'Postcode': 27560, 'Phone Number': '919-840-5155', 'Timezone': 'GMT-05:00 America/New_York', 'Longitude': -78.8, 'Latitude': 35.87, 'location': {'type': 'Point', 'coordinates': [-78.8, 35.87]}}]","{'type': 'Point', 'coordinates': [-78.82035180000001, 35.8577995]}",Hummus Cafe,"{'type': 'Point', 'coordinates': [-78.82826299999999, 35.85388500000001]}",Keller Graduate School of Management- Morrisville Raleigh-Durham Campus
28,5e3eeed3109ec6a6b6168d3e,imFORZA Marketing,advertising,2009,HQ,235 California Street,,90245,El Segundo,CA,USA,"{'type': 'Point', 'coordinates': [-118.397818, 33.92854]}","[{'_id': ObjectId('5e3eb439f2e7195d5be3c0fd'), 'location': {'type': 'Point', 'coordinates': [-118.402469, 33.944174]}, 'scalerank': 2, 'name': ""Los Angeles Int'l"", 'abbrev': 'LAX', 'gps_code': 'KLAX', 'iata_code': 'LAX', 'natlscale': 150}]","[{'_id': ObjectId('5e3e9f8390e9e0a16609985a'), 'Brand': 'Starbucks', 'Store Number': '5502-1658', 'Store Name': 'Sepulveda & Mariposa', 'Ownership Type': 'Company Owned', 'Street Address': '530 N Sepulveda Blvd, #C', 'City': 'El Segundo', 'State/Province': 'CA', 'Country': 'US', 'Postcode': 902455820, 'Phone Number': '(310) 647-1697', 'Timezone': 'GMT-08:00 America/Los_Angeles', 'Longitude': -118.4, 'Latitude': 33.92, 'location': {'type': 'Point', 'coordinates': [-118.4, 33.92]}}]","{'type': 'Point', 'coordinates': [-118.39592, 33.921102]}",Rubio's Coastal Grill,"{'type': 'Point', 'coordinates': [-118.4046123, 33.9247318]}",Center Street Elementary School
29,5e3eeed3109ec6a6b6168d5a,Action Sports Branding,ecommerce,2009,,60 Dudley Street,,02150,Boston,MA,USA,"{'type': 'Point', 'coordinates': [-71.0213788, 42.3983662]}","[{'_id': ObjectId('5e3eb439f2e7195d5be3c0e6'), 'location': {'type': 'Point', 'coordinates': [-71.016407, 42.366566]}, 'scalerank': 2, 'name': ""Gen E L Logan Int'l"", 'abbrev': 'BOS', 'gps_code': 'KBOS', 'iata_code': 'BOS', 'natlscale': 150}]","[{'_id': ObjectId('5e3e9f8390e9e0a16609addb'), 'Brand': 'Starbucks', 'Store Number': '14138-114271', 'Store Name': 'McClellan Hwy & Boardman St.', 'Ownership Type': 'Company Owned', 'Street Address': '430 McClellan Highway, East Longmeadow Center Village', 'City': 'East Boston', 'State/Province': 'MA', 'Country': 'US', 'Postcode': 21281144, 'Phone Number': '617-561-3704', 'Timezone': 'GMT-05:00 America/New_York', 'Longitude': -71.01, 'Latitude': 42.39, 'location': {'type': 'Point', 'coordinates': [-71.01, 42.39]}}]","{'type': 'Point', 'coordinates': [-71.014051, 42.40778]}",Broadway Pizza,"{'type': 'Point', 'coordinates': [-71.0306157, 42.3959632]}",Clark Avenue School
30,5e3eeed3109ec6a6b6168d66,Cognitive Match,advertising,2009,New York (HQ),475 Park Ave S,,10016,New York,NY,USA,"{'type': 'Point', 'coordinates': [-73.9822211, 40.7454098]}","[{'_id': ObjectId('5e3eb439f2e7195d5be3bf78'), 'location': {'type': 'Point', 'coordinates': [-73.871986, 40.774554]}, 'scalerank': 6, 'name': 'LaGuardia', 'abbrev': 'LGA', 'gps_code': 'KLGA', 'iata_code': 'LGA', 'natlscale': 20}]","[{'_id': ObjectId('5e3e9f8390e9e0a16609b784'), 'Brand': 'Starbucks', 'Store Number': '8130-93577', 'Store Name': '34th & Park', 'Ownership Type': 'Company Owned', 'Street Address': '3 Park Avenue', 'City': 'New York', 'State/Province': 'NY', 'Country': 'US', 'Postcode': 100165902, 'Phone Number': '212-725-9469', 'Timezone': 'GMT-05:00 America/New_York', 'Longitude': -73.98, 'Latitude': 40.75, 'location': {'type': 'Point', 'coordinates': [-73.98, 40.75]}}]","{'type': 'Point', 'coordinates': [-73.9812702, 40.747576]}",Franchia Vegan Café,"{'type': 'Point', 'coordinates': [-73.99255409999999, 40.7529968]}",New York Alt High School
31,5e3eeed3109ec6a6b6168d74,VideoCustomizer,public_relations,2009,New York,1702,345 Park Avenue,10154,New York,NY,USA,"{'type': 'Point', 'coordinates': [-73.9453758, 40.778334]}","[{'_id': ObjectId('5e3eb439f2e7195d5be3bf78'), 'location': {'type': 'Point', 'coordinates': [-73.871986, 40.774554]}, 'scalerank': 6, 'name': 'LaGuardia', 'abbrev': 'LGA', 'gps_code': 'KLGA', 'iata_code': 'LGA', 'natlscale': 20}]","[{'_id': ObjectId('5e3e9f8390e9e0a16609b772'), 'Brand': 'Starbucks', 'Store Number': '20679-207324', 'Store Name': '87th & Third', 'Ownership Type': 'Company Owned', 'Street Address': '1542 Third Avenue', 'City': 'New York', 'State/Province': 'NY', 'Country': 'US', 'Postcode': 10028, 'Phone Number': '212-369-2949', 'Timezone': 'GMT-05:00 America/New_York', 'Longitude': -73.95, 'Latitude': 40.78, 'location': {'type': 'Point', 'coordinates': [-73.95, 40.78]}}]","{'type': 'Point', 'coordinates': [-73.9562222, 40.7753404]}",Beyond Sushi,"{'type': 'Point', 'coordinates': [-73.95410679999999, 40.785624]}",Hunter
32,5e3eeed3109ec6a6b6168d79,VitalLock,web,2009,Sales,One Broadway,14th Floor,02142,Cambridge,MA,USA,"{'type': 'Point', 'coordinates': [-71.083762, 42.362856]}","[{'_id': ObjectId('5e3eb439f2e7195d5be3c0e6'), 'location': {'type': 'Point', 'coordinates': [-71.016407, 42.366566]}, 'scalerank': 2, 'name': ""Gen E L Logan Int'l"", 'abbrev': 'BOS', 'gps_code': 'KBOS', 'iata_code': 'BOS', 'natlscale': 150}]","[{'_id': ObjectId('5e3e9f8390e9e0a16609adbe'), 'Brand': 'Starbucks', 'Store Number': '8742-93728', 'Store Name': 'Cambridge Center', 'Ownership Type': 'Company Owned', 'Street Address': '120 Broadway, 6 Cambridge Center', 'City': 'Cambridge', 'State/Province': 'MA', 'Country': 'US', 'Postcode': 21421401, 'Phone Number': '617-577-7511', 'Timezone': 'GMT-05:00 America/New_York', 'Longitude': -71.09, 'Latitude': 42.36, 'location': {'type': 'Point', 'coordinates': [-71.09, 42.36]}}]","{'type': 'Point', 'coordinates': [-71.0820873, 42.3644396]}",Mother Juice,"{'type': 'Point', 'coordinates': [-71.0718037, 42.3564719]}",Park Street School
33,5e3eeed3109ec6a6b6168d86,Tweetizen,other,2009,Tweetizen HQ,3333 W4th Ave,,,Vancouver,,CAN,"{'type': 'Point', 'coordinates': [-123.1783566, 49.2685125]}","[{'_id': ObjectId('5e3eb439f2e7195d5be3c098'), 'location': {'type': 'Point', 'coordinates': [-123.180867, 49.193559]}, 'scalerank': 4, 'name': ""Vancouver Int'l"", 'abbrev': 'YVR', 'gps_code': 'CYVR', 'iata_code': 'YVR', 'natlscale': 50}]","[{'_id': ObjectId('5e3e9f8290e9e0a16609694e'), 'Brand': 'Starbucks', 'Store Number': '4881-120365', 'Store Name': '4th & Bayswater', 'Ownership Type': 'Company Owned', 'Street Address': '2948 West 4th Avenue', 'City': 'Vancouver', 'State/Province': 'BC', 'Country': 'CA', 'Postcode': 'V6K 1R2', 'Phone Number': '(604) 732-6171', 'Timezone': 'GMT-08:00 America/Vancouver', 'Longitude': -123.17, 'Latitude': 49.27, 'location': {'type': 'Point', 'coordinates': [-123.17, 49.27]}}]","{'type': 'Point', 'coordinates': [-123.18525, 49.2644806]}",Dharma Kitchen,"{'type': 'Point', 'coordinates': [-123.1662869, 49.26387769999999]}",Pear Tree Elementary
34,5e3eeed3109ec6a6b6168d8f,Cuteness Pet Community,web,2009,World Headquarters,,,,Venice,CA,USA,"{'type': 'Point', 'coordinates': [-118.462421, 33.989029]}","[{'_id': ObjectId('5e3eb439f2e7195d5be3c0fd'), 'location': {'type': 'Point', 'coordinates': [-118.402469, 33.944174]}, 'scalerank': 2, 'name': ""Los Angeles Int'l"", 'abbrev': 'LAX', 'gps_code': 'KLAX', 'iata_code': 'LAX', 'natlscale': 150}]","[{'_id': ObjectId('5e3e9f8390e9e0a166099af8'), 'Brand': 'Starbucks', 'Store Number': '5713-5903', 'Store Name': 'Washington & Walnut Ave', 'Ownership Type': 'Company Owned', 'Street Address': '13431 Washington Blvd', 'City': 'Marina Del Rey', 'State/Province': 'CA', 'Country': 'US', 'Postcode': 902925658, 'Phone Number': '310-306-8990', 'Timezone': 'GMT-08:00 America/Los_Angeles', 'Longitude': -118.45, 'Latitude': 33.99, 'location': {'type': 'Point', 'coordinates': [-118.45, 33.99]}}]","{'type': 'Point', 'coordinates': [-118.4724679, 33.9923186]}",Plant Food + Wine,"{'type': 'Point', 'coordinates': [-118.462882, 33.9965264]}",Ánimo Venice Charter High School
35,5e3eeed3109ec6a6b6168d94,Mashed jobs,web,2009,,Boston,,,,MA,USA,"{'type': 'Point', 'coordinates': [-71.0597732, 42.3584308]}","[{'_id': ObjectId('5e3eb439f2e7195d5be3c0e6'), 'location': {'type': 'Point', 'coordinates': [-71.016407, 42.366566]}, 'scalerank': 2, 'name': ""Gen E L Logan Int'l"", 'abbrev': 'BOS', 'gps_code': 'KBOS', 'iata_code': 'BOS', 'natlscale': 150}]","[{'_id': ObjectId('5e3e9f8390e9e0a16609ad80'), 'Brand': 'Starbucks', 'Store Number': '862-1932', 'Store Name': 'Faneuil Hall Marketplace', 'Ownership Type': 'Company Owned', 'Street Address': '2-4 Faneuil Hall Market Place', 'City': 'Boston', 'State/Province': 'MA', 'Country': 'US', 'Postcode': 21096175, 'Phone Number': '617-227-3821', 'Timezone': 'GMT-05:00 America/New_York', 'Longitude': -71.06, 'Latitude': 42.36, 'location': {'type': 'Point', 'coordinates': [-71.06, 42.36]}}]","{'type': 'Point', 'coordinates': [-71.0627071, 42.35144469999999]}",My Thai Vegan Cafe,"{'type': 'Point', 'coordinates': [-71.059016, 42.3585793]}",Boston Public Schools Counseling
36,5e3eeed3109ec6a6b6168db2,Gate 53|10 Technologies,web,2009,Headquarters,Arndtstr 18-20,,22085,Hamburg,,DEU,"{'type': 'Point', 'coordinates': [10.0184565, 53.5736401]}","[{'_id': ObjectId('5e3eb439f2e7195d5be3c0cb'), 'location': {'type': 'Point', 'coordinates': [10.005648, 53.632001]}, 'scalerank': 3, 'name': 'Hamburg', 'abbrev': 'HAM', 'gps_code': 'EDDH', 'iata_code': 'HAM', 'natlscale': 75}]","[{'_id': ObjectId('5e3e9f8390e9e0a166097859'), 'Brand': 'Starbucks', 'Store Number': '40967-104693', 'Store Name': 'Neuer Jungfernstieg 5', 'Ownership Type': 'Company Owned', 'Street Address': 'NEUER JUNGFERNSTIEG 5, STARBUCKS COFFEE HOUSE', 'City': 'HAMBURG', 'State/Province': 'HH', 'Country': 'DE', 'Postcode': 20354, 'Phone Number': 494035015375, 'Timezone': 'GMT+1:00 Europe/Berlin', 'Longitude': 9.99, 'Latitude': 53.56, 'location': {'type': 'Point', 'coordinates': [9.99, 53.56]}}]","{'type': 'Point', 'coordinates': [10.0118409, 53.58085380000001]}",An Vegan House,"{'type': 'Point', 'coordinates': [10.0272501, 53.57349000000001]}",School Humboldtstraße
37,5e3eeed3109ec6a6b6168db7,RockDex,web,2009,,,,,Omaha,NE,USA,"{'type': 'Point', 'coordinates': [-95.942336, 41.259751]}","[{'_id': ObjectId('5e3eb439f2e7195d5be3c06b'), 'location': {'type': 'Point', 'coordinates': [-95.899416, 41.299711]}, 'scalerank': 4, 'name': 'Eppley Airfield', 'abbrev': 'OMA', 'gps_code': 'KOMA', 'iata_code': 'OMA', 'natlscale': 50}]","[{'_id': ObjectId('5e3e9f8390e9e0a16609b3cf'), 'Brand': 'Starbucks', 'Store Number': '9609-97425', 'Store Name': '15th & Douglas', 'Ownership Type': 'Company Owned', 'Street Address': '222 South 15th Street', 'City': 'Omaha', 'State/Province': 'NE', 'Country': 'US', 'Postcode': 681021680, 'Phone Number': '402-342-4486', 'Timezone': 'GMT-06:00 America/Chicago', 'Longitude': -95.94, 'Latitude': 41.26, 'location': {'type': 'Point', 'coordinates': [-95.94, 41.26]}}]","{'type': 'Point', 'coordinates': [-95.9377708, 41.2574411]}",Block 16,"{'type': 'Point', 'coordinates': [-95.9437054, 41.2607129]}",Omaha Central High School
38,5e3eeed3109ec6a6b6168dbd,oneforty,enterprise,2009,Main office,"614 Massachusetts Ave, Suite 203",,02139,Cambridge,MA,USA,"{'type': 'Point', 'coordinates': [-71.101375, 42.364014]}","[{'_id': ObjectId('5e3eb439f2e7195d5be3c0e6'), 'location': {'type': 'Point', 'coordinates': [-71.016407, 42.366566]}, 'scalerank': 2, 'name': ""Gen E L Logan Int'l"", 'abbrev': 'BOS', 'gps_code': 'KBOS', 'iata_code': 'BOS', 'natlscale': 150}]","[{'_id': ObjectId('5e3e9f8390e9e0a16609adb8'), 'Brand': 'Starbucks', 'Store Number': '7338-543', 'Store Name': 'Central Square', 'Ownership Type': 'Company Owned', 'Street Address': '655 Massachussets Ave, CambridgeSide Galleria', 'City': 'Cambridge', 'State/Province': 'MA', 'Country': 'US', 'Postcode': 21393336, 'Phone Number': '', 'Timezone': 'GMT-05:00 America/New_York', 'Longitude': -71.1, 'Latitude': 42.37, 'location': {'type': 'Point', 'coordinates': [-71.1, 42.37]}}]","{'type': 'Point', 'coordinates': [-71.09877879999999, 42.3622861]}",Whole Heart Provisions,"{'type': 'Point', 'coordinates': [-71.112298, 42.35569]}",Cambridge Public Schools
39,5e3eeed3109ec6a6b6168dbe,Rhyme Library,mobile,2009,Main Office,720 West Main St,Suite 105,40202,Louisville,KY,USA,"{'type': 'Point', 'coordinates': [-85.7617724, 38.2571486]}","[{'_id': ObjectId('5e3eb439f2e7195d5be3bff2'), 'location': {'type': 'Point', 'coordinates': [-85.741703, 38.186021]}, 'scalerank': 5, 'name': ""Louisville Int'l"", 'abbrev': 'SDF', 'gps_code': 'KSDF', 'iata_code': 'SDF', 'natlscale': 30}]","[{'_id': ObjectId('5e3e9f8390e9e0a16609ace7'), 'Brand': 'Starbucks', 'Store Number': '21137-208370', 'Store Name': 'National City Tower', 'Ownership Type': 'Company Owned', 'Street Address': '101 South Fifth Street', 'City': 'Louisville', 'State/Province': 'KY', 'Country': 'US', 'Postcode': 40202, 'Phone Number': 5025870851, 'Timezone': 'GMT-05:00 America/New_York', 'Longitude': -85.76, 'Latitude': 38.26, 'location': {'type': 'Point', 'coordinates': [-85.76, 38.26]}}]","{'type': 'Point', 'coordinates': [-85.756525, 38.2559218]}",Addis Grill,"{'type': 'Point', 'coordinates': [-85.7530072, 38.2501773]}",J. Graham Brown School
40,5e3eeed3109ec6a6b6168dda,Brandsclub,ecommerce,2009,,,,,Sao Paulo,,BRA,"{'type': 'Point', 'coordinates': [-46.6388182, -23.5489433]}","[{'_id': ObjectId('5e3eb439f2e7195d5be3c111'), 'location': {'type': 'Point', 'coordinates': [-46.659116, -23.626859]}, 'scalerank': 2, 'name': ""Congonhas Int'l"", 'abbrev': 'CGH', 'gps_code': 'SBSP', 'iata_code': 'CGH', 'natlscale': 150}]","[{'_id': ObjectId('5e3e9f8290e9e0a16609669b'), 'Brand': 'Starbucks', 'Store Number': '25013-239489', 'Store Name': 'Praca da Republica', 'Ownership Type': 'Company Owned', 'Street Address': 'Rua Basilio da Gama, 56, Republica, Shopping Ibirapuera', 'City': 'Sao Paulo', 'State/Province': 'SP', 'Country': 'BR', 'Postcode': '', 'Phone Number': '', 'Timezone': 'GMT-03:00 America/Sao_Paulo', 'Longitude': -46.64, 'Latitude': -23.55, 'location': {'type': 'Point', 'coordinates': [-46.64, -23.55]}}]","{'type': 'Point', 'coordinates': [-46.6395611, -23.5434383]}",Subte Vegan,"{'type': 'Point', 'coordinates': [-46.63330939999999, -23.5505199]}",Park Hotel De Aparecida
41,5e3eeed3109ec6a6b6168dfe,Shopseen,ecommerce,2013,Office,,,94103,San Francisco,CA,USA,"{'type': 'Point', 'coordinates': [-122.214897, 37.772323]}","[{'_id': ObjectId('5e3eb439f2e7195d5be3bef2'), 'location': {'type': 'Point', 'coordinates': [-122.213261, 37.712304]}, 'scalerank': 7, 'name': ""Oakland Int'l"", 'abbrev': 'OAK', 'gps_code': 'KOAK', 'iata_code': 'OAK', 'natlscale': 15}]","[{'_id': ObjectId('5e3e9f8390e9e0a16609964b'), 'Brand': 'Starbucks', 'Store Number': '11161-103516', 'Store Name': 'Tilden & Blanding', 'Ownership Type': 'Company Owned', 'Street Address': '2671 Blanding Avene, D', 'City': 'Alameda', 'State/Province': 'CA', 'Country': 'US', 'Postcode': 945011587, 'Phone Number': '510-337-1091', 'Timezone': 'GMT-08:00 America/Los_Angeles', 'Longitude': -122.23, 'Latitude': 37.77, 'location': {'type': 'Point', 'coordinates': [-122.23, 37.77]}}]","{'type': 'Point', 'coordinates': [-122.2213444, 37.7741025]}",Two Mammas' Vegan Kitchen,"{'type': 'Point', 'coordinates': [-122.2131798, 37.7751429]}",Oakland Charter Academy
42,5e3eeed3109ec6a6b6168e0d,Gameleaper,games_video,2009,,6400 Maple Ave,#850,75235,Dallas,TX,USA,"{'type': 'Point', 'coordinates': [-96.8432224, 32.8270045]}","[{'_id': ObjectId('5e3eb439f2e7195d5be3bf61'), 'location': {'type': 'Point', 'coordinates': [-96.849864, 32.844425]}, 'scalerank': 6, 'name': 'Dallas Love Field', 'abbrev': 'DAL', 'gps_code': 'KDAL', 'iata_code': 'DAL', 'natlscale': 20}]","[{'_id': ObjectId('5e3e9f8390e9e0a16609bfc2'), 'Brand': 'Starbucks', 'Store Number': '13723-108403', 'Store Name': 'Lemmon & Inwood', 'Ownership Type': 'Company Owned', 'Street Address': '5715 Lemmon Avenue', 'City': 'Dallas', 'State/Province': 'TX', 'Country': 'US', 'Postcode': 752095810, 'Phone Number': '214-353-6907', 'Timezone': 'GMT-06:00 America/Chicago', 'Longitude': -96.83, 'Latitude': 32.83, 'location': {'type': 'Point', 'coordinates': [-96.83, 32.83]}}]","{'type': 'Point', 'coordinates': [-96.8388615, 32.8273207]}",BlueGreen Canteen,"{'type': 'Point', 'coordinates': [-96.83647769999999, 32.8199671]}",Dallas Independent School District
43,5e3eeed3109ec6a6b6168e12,Catchafire,web,2009,,31 East 32nd Street,,10016,New York,,USA,"{'type': 'Point', 'coordinates': [-73.983171, 40.746417]}","[{'_id': ObjectId('5e3eb439f2e7195d5be3bf78'), 'location': {'type': 'Point', 'coordinates': [-73.871986, 40.774554]}, 'scalerank': 6, 'name': 'LaGuardia', 'abbrev': 'LGA', 'gps_code': 'KLGA', 'iata_code': 'LGA', 'natlscale': 20}]","[{'_id': ObjectId('5e3e9f8390e9e0a16609b784'), 'Brand': 'Starbucks', 'Store Number': '8130-93577', 'Store Name': '34th & Park', 'Ownership Type': 'Company Owned', 'Street Address': '3 Park Avenue', 'City': 'New York', 'State/Province': 'NY', 'Country': 'US', 'Postcode': 100165902, 'Phone Number': '212-725-9469', 'Timezone': 'GMT-05:00 America/New_York', 'Longitude': -73.98, 'Latitude': 40.75, 'location': {'type': 'Point', 'coordinates': [-73.98, 40.75]}}]","{'type': 'Point', 'coordinates': [-73.9812702, 40.747576]}",Franchia Vegan Café,"{'type': 'Point', 'coordinates': [-73.99255409999999, 40.7529968]}",New York Alt High School
44,5e3eeed3109ec6a6b6168e18,1calendar,software,2009,Research Office,"Howitzvej 60, 5. sal",,2000,Copenhagen,,DNK,"{'type': 'Point', 'coordinates': [12.524884, 55.6802318]}","[{'_id': ObjectId('5e3eb439f2e7195d5be3c0c3'), 'location': {'type': 'Point', 'coordinates': [12.649351, 55.628502]}, 'scalerank': 3, 'name': 'Copenhagen', 'abbrev': 'CPH', 'gps_code': 'EKCH', 'iata_code': 'CPH', 'natlscale': 75}]","[{'_id': ObjectId('5e3e9f8390e9e0a1660978a3'), 'Brand': 'Starbucks', 'Store Number': '24250-231384', 'Store Name': 'Copenhagen - Fasanvej Fotex', 'Ownership Type': 'Licensed', 'Street Address': 'Fasanvej 25', 'City': 'Frederiksberg', 'State/Province': 84, 'Country': 'DK', 'Postcode': '', 'Phone Number': '', 'Timezone': 'GMT+1:00 Europe/Copenhagen', 'Longitude': 12.52, 'Latitude': 55.68, 'location': {'type': 'Point', 'coordinates': [12.52, 55.68]}}]","{'type': 'Point', 'coordinates': [12.5339869, 55.6815102]}",42RAW Frederiksberg,"{'type': 'Point', 'coordinates': [12.5248964, 55.6811099]}",Copenhagen Business School - Kilen
45,5e3eeed3109ec6a6b6168e1a,1calendar,software,2009,Headquarter,"Kompagnistræde 20B, 1 th.",,1208,Copenhagen,,DNK,"{'type': 'Point', 'coordinates': [12.5751278, 55.6770321]}","[{'_id': ObjectId('5e3eb439f2e7195d5be3c0c3'), 'location': {'type': 'Point', 'coordinates': [12.649351, 55.628502]}, 'scalerank': 3, 'name': 'Copenhagen', 'abbrev': 'CPH', 'gps_code': 'EKCH', 'iata_code': 'CPH', 'natlscale': 75}]","[{'_id': ObjectId('5e3e9f8390e9e0a16609789d'), 'Brand': 'Starbucks', 'Store Number': '26965-246246', 'Store Name': 'Copenhagen-Frederiksborggade', 'Ownership Type': 'Licensed', 'Street Address': 'Frederiksborggade 15', 'City': 'Copenhagen', 'State/Province': 15, 'Country': 'DK', 'Postcode': 1360, 'Phone Number': '', 'Timezone': 'GMT+1:00 Europe/Copenhagen', 'Longitude': 12.57, 'Latitude': 55.68, 'location': {'type': 'Point', 'coordinates': [12.57, 55.68]}}]","{'type': 'Point', 'coordinates': [12.5682149, 55.6851802]}",Souls,"{'type': 'Point', 'coordinates': [12.5695841, 55.6798791]}",Sankt Petri Schule
46,5e3eeed3109ec6a6b6168e3e,Delivr,advertising,2009,,,,,New York,,USA,"{'type': 'Point', 'coordinates': [-73.986951, 40.756054]}","[{'_id': ObjectId('5e3eb439f2e7195d5be3bf78'), 'location': {'type': 'Point', 'coordinates': [-73.871986, 40.774554]}, 'scalerank': 6, 'name': 'LaGuardia', 'abbrev': 'LGA', 'gps_code': 'KLGA', 'iata_code': 'LGA', 'natlscale': 20}]","[{'_id': ObjectId('5e3e9f8390e9e0a16609b76e'), 'Brand': 'Starbucks', 'Store Number': '7670-36979', 'Store Name': '49th & 8th', 'Ownership Type': 'Company Owned', 'Street Address': '825 Eighth Avenue, W-9', 'City': 'New York', 'State/Province': 'NY', 'Country': 'US', 'Postcode': 100197416, 'Phone Number': '212 307 1421', 'Timezone': 'GMT-05:00 America/New_York', 'Longitude': -73.99, 'Latitude': 40.76, 'location': {'type': 'Point', 'coordinates': [-73.99, 40.76]}}]","{'type': 'Point', 'coordinates': [-73.9812702, 40.747576]}",Franchia Vegan Café,"{'type': 'Point', 'coordinates': [-73.99255409999999, 40.7529968]}",New York Alt High School
47,5e3eeed3109ec6a6b6168e64,Contenture,ecommerce,2009,,,,,Portland,OR,USA,"{'type': 'Point', 'coordinates': [-122.670399, 45.523875]}","[{'_id': ObjectId('5e3eb439f2e7195d5be3c06d'), 'location': {'type': 'Point', 'coordinates': [-122.592739, 45.588957]}, 'scalerank': 4, 'name': ""Portland Int'l"", 'abbrev': 'PDX', 'gps_code': 'KPDX', 'iata_code': 'PDX', 'natlscale': 50}]","[{'_id': ObjectId('5e3e9f8390e9e0a16609bb5b'), 'Brand': 'Starbucks', 'Store Number': '401-172', 'Store Name': 'Pioneer Courthouse', 'Ownership Type': 'Company Owned', 'Street Address': '720 SW Broadway, FuBonn Shopping Center', 'City': 'Portland', 'State/Province': 'OR', 'Country': 'US', 'Postcode': 972053315, 'Phone Number': '(503) 223-2488', 'Timezone': 'GMT-08:00 America/Los_Angeles', 'Longitude': -122.68, 'Latitude': 45.52, 'location': {'type': 'Point', 'coordinates': [-122.68, 45.52]}}]","{'type': 'Point', 'coordinates': [-122.6785472, 45.51741390000001]}",Veggie Grill,"{'type': 'Point', 'coordinates': [-122.6783509, 45.5236582]}",The International Culinary Schools
48,5e3eeed3109ec6a6b6168e66,Shareaholic,web,2009,Shareaholic,109 Kingston Street,4th Floor,02111,Boston,MA,USA,"{'type': 'Point', 'coordinates': [-71.1032591, 42.3647559]}","[{'_id': ObjectId('5e3eb439f2e7195d5be3c0e6'), 'location': {'type': 'Point', 'coordinates': [-71.016407, 42.366566]}, 'scalerank': 2, 'name': ""Gen E L Logan Int'l"", 'abbrev': 'BOS', 'gps_code': 'KBOS', 'iata_code': 'BOS', 'natlscale': 150}]","[{'_id': ObjectId('5e3e9f8390e9e0a16609adb8'), 'Brand': 'Starbucks', 'Store Number': '7338-543', 'Store Name': 'Central Square', 'Ownership Type': 'Company Owned', 'Street Address': '655 Massachussets Ave, CambridgeSide Galleria', 'City': 'Cambridge', 'State/Province': 'MA', 'Country': 'US', 'Postcode': 21393336, 'Phone Number': '', 'Timezone': 'GMT-05:00 America/New_York', 'Longitude': -71.1, 'Latitude': 42.37, 'location': {'type': 'Point', 'coordinates': [-71.1, 42.37]}}]","{'type': 'Point', 'coordinates': [-71.09877879999999, 42.3622861]}",Whole Heart Provisions,"{'type': 'Point', 'coordinates': [-71.11285769999999, 42.3668376]}","Dr. Martin Luther King, Jr. School"
49,5e3eeed3109ec6a6b6168e72,DP7 Digital,software,2009,Office at Sao Paulo,"Rua Pedroso Alvarenga, 990, sala 72, itaim bibi",,04531011,Sao Paulo,,BRA,"{'type': 'Point', 'coordinates': [-46.6773686, -23.5815208]}","[{'_id': ObjectId('5e3eb439f2e7195d5be3c111'), 'location': {'type': 'Point', 'coordinates': [-46.659116, -23.626859]}, 'scalerank': 2, 'name': ""Congonhas Int'l"", 'abbrev': 'CGH', 'gps_code': 'SBSP', 'iata_code': 'CGH', 'natlscale': 150}]","[{'_id': ObjectId('5e3e9f8290e9e0a166096692'), 'Brand': 'Starbucks', 'Store Number': '15090-129744', 'Store Name': 'Brascan Open Mall', 'Ownership Type': 'Company Owned', 'Street Address': 'Rua Joaquim Floriano, 466, Loja 28', 'City': 'Sao Paulo', 'State/Province': 'SP', 'Country': 'BR', 'Postcode': '04534-002', 'Phone Number': '55 11 2165-1380', 'Timezone': 'GMT-03:00 America/Sao_Paulo', 'Longitude': -46.68, 'Latitude': -23.58, 'location': {'type': 'Point', 'coordinates': [-46.68, -23.58]}}]","{'type': 'Point', 'coordinates': [-46.675382, -23.582134]}",Pacifico Taco Shop,"{'type': 'Point', 'coordinates': [-46.6789798, -23.5798909]}",Escola Concept São Paulo
50,5e3eeed3109ec6a6b6168e90,QxMD Software,mobile,2009,,,,,"Vancouver, British Columbia",,CAN,"{'type': 'Point', 'coordinates': [-123.1139268, 49.261226]}","[{'_id': ObjectId('5e3eb439f2e7195d5be3c098'), 'location': {'type': 'Point', 'coordinates': [-123.180867, 49.193559]}, 'scalerank': 4, 'name': ""Vancouver Int'l"", 'abbrev': 'YVR', 'gps_code': 'CYVR', 'iata_code': 'YVR', 'natlscale': 50}]","[{'_id': ObjectId('5e3e9f8290e9e0a166096908'), 'Brand': 'Starbucks', 'Store Number': '4893-100918', 'Store Name': 'The Rise-Cambie & W 8th', 'Ownership Type': 'Company Owned', 'Street Address': '2378 Cambie Street', 'City': 'Vancouver', 'State/Province': 'BC', 'Country': 'CA', 'Postcode': 'V5Z 2T8', 'Phone Number': '604-873-4199', 'Timezone': 'GMT-08:00 America/Vancouver', 'Longitude': -123.11, 'Latitude': 49.26, 'location': {'type': 'Point', 'coordinates': [-123.11, 49.26]}}]","{'type': 'Point', 'coordinates': [-123.1210049, 49.263078]}",Lotus Seed vegan,"{'type': 'Point', 'coordinates': [-123.1267371, 49.2671453]}",False Creek Elementary School
51,5e3eeed3109ec6a6b6168e94,expertnews,web,2009,,,,20146,Hamburg,,DEU,"{'type': 'Point', 'coordinates': [9.9819779, 53.5688101]}","[{'_id': ObjectId('5e3eb439f2e7195d5be3c0cb'), 'location': {'type': 'Point', 'coordinates': [10.005648, 53.632001]}, 'scalerank': 3, 'name': 'Hamburg', 'abbrev': 'HAM', 'gps_code': 'EDDH', 'iata_code': 'HAM', 'natlscale': 75}]","[{'_id': ObjectId('5e3e9f8390e9e0a166097859'), 'Brand': 'Starbucks', 'Store Number': '40967-104693', 'Store Name': 'Neuer Jungfernstieg 5', 'Ownership Type': 'Company Owned', 'Street Address': 'NEUER JUNGFERNSTIEG 5, STARBUCKS COFFEE HOUSE', 'City': 'HAMBURG', 'State/Province': 'HH', 'Country': 'DE', 'Postcode': 20354, 'Phone Number': 494035015375, 'Timezone': 'GMT+1:00 Europe/Berlin', 'Longitude': 9.99, 'Latitude': 53.56, 'location': {'type': 'Point', 'coordinates': [9.99, 53.56]}}]","{'type': 'Point', 'coordinates': [9.9837201, 53.5649932]}",Golden Temple Teehaus,"{'type': 'Point', 'coordinates': [9.9882434, 53.5733463]}",English Language Institute - Hamburg
52,5e3eeed3109ec6a6b6168e9a,ReferenceBot,web,2009,Headquearters,801 S Olive Ave #436,,33401,West Palm Beach,FL,USA,"{'type': 'Point', 'coordinates': [-80.0520862, 26.706239]}","[{'_id': ObjectId('5e3eb439f2e7195d5be3bf8a'), 'location': {'type': 'Point', 'coordinates': [-80.090189, 26.688442]}, 'scalerank': 6, 'name': ""Palm Beach Int'l"", 'abbrev': 'PBI', 'gps_code': 'KPBI', 'iata_code': 'PBI', 'natlscale': 20}]","[{'_id': ObjectId('5e3e9f8390e9e0a16609a6b8'), 'Brand': 'Starbucks', 'Store Number': '8258-1536', 'Store Name': 'Clematis St.', 'Ownership Type': 'Company Owned', 'Street Address': '226 Clematis St.', 'City': 'West Palm Beach', 'State/Province': 'FL', 'Country': 'US', 'Postcode': 334015513, 'Phone Number': '(561) 655-9933', 'Timezone': 'GMT-05:00 America/New_York', 'Longitude': -80.05, 'Latitude': 26.71, 'location': {'type': 'Point', 'coordinates': [-80.05, 26.71]}}]","{'type': 'Point', 'coordinates': [-80.0531762, 26.7102246]}",Meraki Juice Kitchen,"{'type': 'Point', 'coordinates': [-80.0520185, 26.7117236]}",Global Prospective School
53,5e3eeed3109ec6a6b6168ea8,Sofa Labs,social,2009,,300 South Ellsworth Avenue,,94401,San Mateo,CA,USA,"{'type': 'Point', 'coordinates': [-122.3229235, 37.5646055]}","[{'_id': ObjectId('5e3eb439f2e7195d5be3c102'), 'location': {'type': 'Point', 'coordinates': [-122.38347, 37.617025]}, 'scalerank': 2, 'name': ""San Francisco Int'l"", 'abbrev': 'SFO', 'gps_code': 'KSFO', 'iata_code': 'SFO', 'natlscale': 150}]","[{'_id': ObjectId('5e3e9f8390e9e0a166099f21'), 'Brand': 'Starbucks', 'Store Number': '613-327', 'Store Name': '4th St San Mateo', 'Ownership Type': 'Company Owned', 'Street Address': '54 East Fourth Avenue', 'City': 'San Mateo', 'State/Province': 'CA', 'Country': 'US', 'Postcode': 944014002, 'Phone Number': '650-548-1764', 'Timezone': 'GMT-08:00 America/Los_Angeles', 'Longitude': -122.32, 'Latitude': 37.56, 'location': {'type': 'Point', 'coordinates': [-122.32, 37.56]}}]","{'type': 'Point', 'coordinates': [-122.3243109, 37.5637012]}",Clay Oven Cuisine of India,"{'type': 'Point', 'coordinates': [-122.3270935, 37.56566840000001]}",St. Matthew's Episcopal Day School
54,5e3eeed3109ec6a6b6168ec0,Movip,web,2009,,,,,Lisbon,,PRT,"{'type': 'Point', 'coordinates': [-9.135517, 38.7071631]}","[{'_id': ObjectId('5e3eb439f2e7195d5be3bff8'), 'location': {'type': 'Point', 'coordinates': [-9.130694, 38.770762]}, 'scalerank': 5, 'name': 'Lisbon Portela', 'abbrev': 'LIS', 'gps_code': 'LPPT', 'iata_code': 'LIS', 'natlscale': 30}]","[{'_id': ObjectId('5e3e9f8390e9e0a166098e02'), 'Brand': 'Starbucks', 'Store Number': '3892-138433', 'Store Name': 'Rossio', 'Ownership Type': 'Licensed', 'Street Address': 'Estação do Rossio', 'City': 'Lisboa', 'State/Province': 11, 'Country': 'PT', 'Postcode': '1200-147', 'Phone Number': '00351 210 079 0', 'Timezone': 'GMT+0:00 Europe/Lisbon', 'Longitude': -9.14, 'Latitude': 38.71, 'location': {'type': 'Point', 'coordinates': [-9.14, 38.71]}}]","{'type': 'Point', 'coordinates': [-9.141388899999999, 38.7080556]}",Ao 26,"{'type': 'Point', 'coordinates': [-9.1464723, 38.7083334]}",The British International School of Lisbon
55,5e3eeed3109ec6a6b6168ec4,ClickFuel,advertising,2009,ClickFuel,7 New England Executive Park,Suite 130,01803,Burlington,MA,USA,"{'type': 'Point', 'coordinates': [-71.0680027, 42.3406534]}","[{'_id': ObjectId('5e3eb439f2e7195d5be3c0e6'), 'location': {'type': 'Point', 'coordinates': [-71.016407, 42.366566]}, 'scalerank': 2, 'name': ""Gen E L Logan Int'l"", 'abbrev': 'BOS', 'gps_code': 'KBOS', 'iata_code': 'BOS', 'natlscale': 150}]","[{'_id': ObjectId('5e3e9f8390e9e0a16609ad6b'), 'Brand': 'Starbucks', 'Store Number': '7551-12652', 'Store Name': 'Tremont-South End', 'Ownership Type': 'Company Owned', 'Street Address': '627 Tremont St, Retail Space #1', 'City': 'Boston', 'State/Province': 'MA', 'Country': 'US', 'Postcode': 21181649, 'Phone Number': '617-236-7879', 'Timezone': 'GMT-05:00 America/New_York', 'Longitude': -71.07, 'Latitude': 42.34, 'location': {'type': 'Point', 'coordinates': [-71.07, 42.34]}}]","{'type': 'Point', 'coordinates': [-71.0627071, 42.35144469999999]}",My Thai Vegan Cafe,"{'type': 'Point', 'coordinates': [-71.0780309, 42.3388629]}",Hurley K-8
56,5e3eeed3109ec6a6b6168eca,Chicisimo,fashion,2010,Office,Calle Henao 14,"nº 4, 4ºD",,Bilbao,,ESP,"{'type': 'Point', 'coordinates': [-2.9308322, 43.264499]}","[{'_id': ObjectId('5e3eb439f2e7195d5be3bfc5'), 'location': {'type': 'Point', 'coordinates': [-2.90609, 43.305083]}, 'scalerank': 6, 'name': 'Bilbao', 'abbrev': 'BIO', 'gps_code': 'LEBB', 'iata_code': 'BIO', 'natlscale': 20}]","[{'_id': ObjectId('5e3e9f8390e9e0a1660978df'), 'Brand': 'Starbucks', 'Store Number': '24373-237542', 'Store Name': 'ECI Gran Via 20 Bilbao', 'Ownership Type': 'Licensed', 'Street Address': 'Gran Vía, 20', 'City': 'Bilbao', 'State/Province': 'BI', 'Country': 'ES', 'Postcode': 48001, 'Phone Number': '', 'Timezone': 'GMT+1:00 Europe/Madrid', 'Longitude': -2.93, 'Latitude': 43.26, 'location': {'type': 'Point', 'coordinates': [-2.93, 43.26]}}]","{'type': 'Point', 'coordinates': [-2.9254428, 43.2615658]}",La Camelia Vegan Bar,"{'type': 'Point', 'coordinates': [-2.92707, 43.259023]}",Hemingway institutoa
57,5e3eeed3109ec6a6b6168ecc,scoyo,games_video,2009,scoyo GmbH,GroÃŸer Burstah 50-52,,20457,Hamburg,,DEU,"{'type': 'Point', 'coordinates': [9.9490139, 53.5622698]}","[{'_id': ObjectId('5e3eb439f2e7195d5be3c0cb'), 'location': {'type': 'Point', 'coordinates': [10.005648, 53.632001]}, 'scalerank': 3, 'name': 'Hamburg', 'abbrev': 'HAM', 'gps_code': 'EDDH', 'iata_code': 'HAM', 'natlscale': 75}]","[{'_id': ObjectId('5e3e9f8390e9e0a166097859'), 'Brand': 'Starbucks', 'Store Number': '40967-104693', 'Store Name': 'Neuer Jungfernstieg 5', 'Ownership Type': 'Company Owned', 'Street Address': 'NEUER JUNGFERNSTIEG 5, STARBUCKS COFFEE HOUSE', 'City': 'HAMBURG', 'State/Province': 'HH', 'Country': 'DE', 'Postcode': 20354, 'Phone Number': 494035015375, 'Timezone': 'GMT+1:00 Europe/Berlin', 'Longitude': 9.99, 'Latitude': 53.56, 'location': {'type': 'Point', 'coordinates': [9.99, 53.56]}}]","{'type': 'Point', 'coordinates': [9.9595019, 53.5636619]}",Mamalicious,"{'type': 'Point', 'coordinates': [9.952426899999999, 53.56168419999999]}",The Guitar School / The Guitar Academy
58,5e3eeed3109ec6a6b6168ed1,Status Search,search,2009,,,,,Miami,FL,USA,"{'type': 'Point', 'coordinates': [-80.190262, 25.774252]}","[{'_id': ObjectId('5e3eb439f2e7195d5be3c05e'), 'location': {'type': 'Point', 'coordinates': [-80.278972, 25.794941]}, 'scalerank': 4, 'name': ""Miami Int'l"", 'abbrev': 'MIA', 'gps_code': 'KMIA', 'iata_code': 'MIA', 'natlscale': 50}]","[{'_id': ObjectId('5e3e9f8390e9e0a16609a55b'), 'Brand': 'Starbucks', 'Store Number': '8506-62200', 'Store Name': '10th St & South Miami Ave.', 'Ownership Type': 'Company Owned', 'Street Address': '901 South Miami Avenue, 106', 'City': 'Miami', 'State/Province': 'FL', 'Country': 'US', 'Postcode': 331303042, 'Phone Number': '305-372-7922', 'Timezone': 'GMT-05:00 America/New_York', 'Longitude': -80.19, 'Latitude': 25.77, 'location': {'type': 'Point', 'coordinates': [-80.19, 25.77]}}]","{'type': 'Point', 'coordinates': [-80.19041779999999, 25.7750353]}",Manna Life Food,"{'type': 'Point', 'coordinates': [-80.19924309999999, 25.7772992]}",Downtown Miami Charter School
59,5e3eeed3109ec6a6b6168eda,Udorse,web,2009,,,,,New York,NY,USA,"{'type': 'Point', 'coordinates': [-73.986951, 40.756054]}","[{'_id': ObjectId('5e3eb439f2e7195d5be3bf78'), 'location': {'type': 'Point', 'coordinates': [-73.871986, 40.774554]}, 'scalerank': 6, 'name': 'LaGuardia', 'abbrev': 'LGA', 'gps_code': 'KLGA', 'iata_code': 'LGA', 'natlscale': 20}]","[{'_id': ObjectId('5e3e9f8390e9e0a16609b76e'), 'Brand': 'Starbucks', 'Store Number': '7670-36979', 'Store Name': '49th & 8th', 'Ownership Type': 'Company Owned', 'Street Address': '825 Eighth Avenue, W-9', 'City': 'New York', 'State/Province': 'NY', 'Country': 'US', 'Postcode': 100197416, 'Phone Number': '212 307 1421', 'Timezone': 'GMT-05:00 America/New_York', 'Longitude': -73.99, 'Latitude': 40.76, 'location': {'type': 'Point', 'coordinates': [-73.99, 40.76]}}]","{'type': 'Point', 'coordinates': [-73.9812702, 40.747576]}",Franchia Vegan Café,"{'type': 'Point', 'coordinates': [-73.99255409999999, 40.7529968]}",New York Alt High School
60,5e3eeed3109ec6a6b6168edf,Meuzer,games_video,2009,,,,,San Jose,CA,USA,"{'type': 'Point', 'coordinates': [-121.877636, 37.320052]}","[{'_id': ObjectId('5e3eb439f2e7195d5be3bfed'), 'location': {'type': 'Point', 'coordinates': [-121.929429, 37.369491]}, 'scalerank': 5, 'name': ""San Jose Int'l"", 'abbrev': 'SJC', 'gps_code': 'KSJC', 'iata_code': 'SJC', 'natlscale': 30}]","[{'_id': ObjectId('5e3e9f8390e9e0a166099ef0'), 'Brand': 'Starbucks', 'Store Number': '23597-73055', 'Store Name': 'Monterey & Alma - San Jose', 'Ownership Type': 'Company Owned', 'Street Address': '1430 Monterey Road, 20', 'City': 'San Jose', 'State/Province': 'CA', 'Country': 'US', 'Postcode': 951103617, 'Phone Number': '408-318-7622', 'Timezone': 'GMT-08:00 America/Los_Angeles', 'Longitude': -121.87, 'Latitude': 37.32, 'location': {'type': 'Point', 'coordinates': [-121.87, 37.32]}}]","{'type': 'Point', 'coordinates': [-121.8890874, 37.3269978]}",488 Cafe,"{'type': 'Point', 'coordinates': [-121.8825091, 37.32829]}",Notre Dame High School
61,5e3eeed3109ec6a6b6168ef2,Kloud Mobile,mobile,2009,US Headquarters,4938 SW 33 Way,,33312,Fort Lauderdale,FL,USA,"{'type': 'Point', 'coordinates': [-80.1899371, 26.0607497]}","[{'_id': ObjectId('5e3eb439f2e7195d5be3c0f2'), 'location': {'type': 'Point', 'coordinates': [-80.145259, 26.07171]}, 'scalerank': 2, 'name': ""Fort Lauderdale Hollywood Int'l"", 'abbrev': 'FLL', 'gps_code': 'KFLL', 'iata_code': 'FLL', 'natlscale': 150}]","[{'_id': ObjectId('5e3e9f8390e9e0a16609a4da'), 'Brand': 'Starbucks', 'Store Number': '11609-104748', 'Store Name': 'N Park Rd & Sheridan St', 'Ownership Type': 'Company Owned', 'Street Address': '3305 Sheridan St', 'City': 'Hollywood', 'State/Province': 'FL', 'Country': 'US', 'Postcode': 330213606, 'Phone Number': '954-989-1231', 'Timezone': 'GMT-05:00 America/New_York', 'Longitude': -80.18, 'Latitude': 26.03, 'location': {'type': 'Point', 'coordinates': [-80.18, 26.03]}}]","{'type': 'Point', 'coordinates': [-80.190075, 26.06284]}",Clovermint Café & Market,"{'type': 'Point', 'coordinates': [-80.2000932, 26.0558589]}",Brauser Maimonides Academy
62,5e3eeed3109ec6a6b6168eff,BitMethod,mobile,2009,Liberty Building,418 6th Avenue,Suite 1210,50309,Des Moines,IA,USA,"{'type': 'Point', 'coordinates': [-93.621998, 41.581232]}","[{'_id': ObjectId('5e3eb439f2e7195d5be3bf62'), 'location': {'type': 'Point', 'coordinates': [-93.648461, 41.53279]}, 'scalerank': 6, 'name': ""Des Moines Int'l"", 'abbrev': 'DSM', 'gps_code': 'KDSM', 'iata_code': 'DSM', 'natlscale': 20}]","[{'_id': ObjectId('5e3e9f8390e9e0a16609a8a0'), 'Brand': 'Starbucks', 'Store Number': '2680-78883', 'Store Name': 'Tenth & Locust', 'Ownership Type': 'Company Owned', 'Street Address': '1013 Locust Street, SWC of 1st floor', 'City': 'Des Moines', 'State/Province': 'IA', 'Country': 'US', 'Postcode': 503092805, 'Phone Number': '515-280-8200', 'Timezone': 'GMT-06:00 America/Chicago', 'Longitude': -93.63, 'Latitude': 41.59, 'location': {'type': 'Point', 'coordinates': [-93.63, 41.59]}}]","{'type': 'Point', 'coordinates': [-93.6111152, 41.5900642]}",Dirt Burger,"{'type': 'Point', 'coordinates': [-93.6166243, 41.5726931]}",St Anthony's School
63,5e3eeed3109ec6a6b6168f13,Mohawk Interactive,other,2009,,,,,Dallas,TX,USA,"{'type': 'Point', 'coordinates': [-96.797111, 32.781078]}","[{'_id': ObjectId('5e3eb439f2e7195d5be3bf61'), 'location': {'type': 'Point', 'coordinates': [-96.849864, 32.844425]}, 'scalerank': 6, 'name': 'Dallas Love Field', 'abbrev': 'DAL', 'gps_code': 'KDAL', 'iata_code': 'DAL', 'natlscale': 20}]","[{'_id': ObjectId('5e3e9f8390e9e0a16609bfb5'), 'Brand': 'Starbucks', 'Store Number': '6272-238047', 'Store Name': 'Renaissance Tower', 'Ownership Type': 'Company Owned', 'Street Address': '1201 Elm Street, Suite 115', 'City': 'Dallas', 'State/Province': 'TX', 'Country': 'US', 'Postcode': 75202, 'Phone Number': 2147419830, 'Timezone': 'GMT-06:00 America/Chicago', 'Longitude': -96.8, 'Latitude': 32.78, 'location': {'type': 'Point', 'coordinates': [-96.8, 32.78]}}]","{'type': 'Point', 'coordinates': [-96.7978898, 32.7798784]}",LUCKY CAT VEGAN,"{'type': 'Point', 'coordinates': [-96.8008291, 32.7792363]}",Pegasus School of Liberal Arts & Sciences - Lower Campus
64,5e3eeed3109ec6a6b6168f4c,Vortimer,web,2009,DC Office,2715 M St. NW,,20009,Washington,DC,USA,"{'type': 'Point', 'coordinates': [-77.05681, 38.905504]}","[{'_id': ObjectId('5e3eb439f2e7195d5be3bdf8'), 'location': {'type': 'Point', 'coordinates': [-77.043337, 38.853716]}, 'scalerank': 8, 'name': ""Washington Nat'l"", 'abbrev': 'DCA', 'gps_code': 'KDCA', 'iata_code': 'DCA', 'natlscale': 10}]","[{'_id': ObjectId('5e3e9f8390e9e0a16609a3bd'), 'Brand': 'Starbucks', 'Store Number': '7237-703', 'Store Name': '3122 M Street', 'Ownership Type': 'Company Owned', 'Street Address': '3122 M St NW', 'City': 'Washington', 'State/Province': 'DC', 'Country': 'US', 'Postcode': 200073704, 'Phone Number': '(202) 625-6706', 'Timezone': 'GMT-05:00 America/New_York', 'Longitude': -77.06, 'Latitude': 38.91, 'location': {'type': 'Point', 'coordinates': [-77.06, 38.91]}}]","{'type': 'Point', 'coordinates': [-77.0632124, 38.9075068]}",&pizza - Georgetown,"{'type': 'Point', 'coordinates': [-77.05236819999999, 38.90764619999999]}",School Without Walls at Francis Stevens
65,5e3eeed3109ec6a6b6168f6e,Tiverias Apps,software,2009,Tiverias Apps LLC.,"222 Third St, Suite 1320",,02142,Cambridge,MA,USA,"{'type': 'Point', 'coordinates': [-71.0814466, 42.3672873]}","[{'_id': ObjectId('5e3eb439f2e7195d5be3c0e6'), 'location': {'type': 'Point', 'coordinates': [-71.016407, 42.366566]}, 'scalerank': 2, 'name': ""Gen E L Logan Int'l"", 'abbrev': 'BOS', 'gps_code': 'KBOS', 'iata_code': 'BOS', 'natlscale': 150}]","[{'_id': ObjectId('5e3e9f8390e9e0a16609adb4'), 'Brand': 'Starbucks', 'Store Number': '7436-1835', 'Store Name': 'Cambridgeside Galleria Mall', 'Ownership Type': 'Company Owned', 'Street Address': '100 Cambridgeside Place, Suite E108', 'City': 'Cambridge', 'State/Province': 'MA', 'Country': 'US', 'Postcode': 21412218, 'Phone Number': 6176219740, 'Timezone': 'GMT-05:00 America/New_York', 'Longitude': -71.08, 'Latitude': 42.37, 'location': {'type': 'Point', 'coordinates': [-71.08, 42.37]}}]","{'type': 'Point', 'coordinates': [-71.0820873, 42.3644396]}",Mother Juice,"{'type': 'Point', 'coordinates': [-71.06984539999999, 42.3607954]}",Advent School
66,5e3eeed3109ec6a6b6168f85,SEO Sumo,public_relations,2009,Main Office,6890 SW 50th Terrace,,33155,Miami,FL,USA,"{'type': 'Point', 'coordinates': [-80.306331, 25.723408]}","[{'_id': ObjectId('5e3eb439f2e7195d5be3c05e'), 'location': {'type': 'Point', 'coordinates': [-80.278972, 25.794941]}, 'scalerank': 4, 'name': ""Miami Int'l"", 'abbrev': 'MIA', 'gps_code': 'KMIA', 'iata_code': 'MIA', 'natlscale': 50}]","[{'_id': ObjectId('5e3e9f8390e9e0a16609a564'), 'Brand': 'Starbucks', 'Store Number': '22267-121004', 'Store Name': 'Bird Ludlam', 'Ownership Type': 'Company Owned', 'Street Address': '6702 Bird Road, #3', 'City': 'Miami', 'State/Province': 'FL', 'Country': 'US', 'Postcode': 33155, 'Phone Number': 3056614698, 'Timezone': 'GMT-05:00 America/New_York', 'Longitude': -80.3, 'Latitude': 25.73, 'location': {'type': 'Point', 'coordinates': [-80.3, 25.73]}}]","{'type': 'Point', 'coordinates': [-80.3007183, 25.7331642]}",Beehive Cafe & Juice Bar,"{'type': 'Point', 'coordinates': [-80.3052678, 25.7204052]}",South Miami Senior High School
67,5e3eeed3109ec6a6b6168f87,InstantQ,advertising,2009,,,,,Sunnyvale,CA,USA,"{'type': 'Point', 'coordinates': [-122.036849, 37.369195]}","[{'_id': ObjectId('5e3eb439f2e7195d5be3bfed'), 'location': {'type': 'Point', 'coordinates': [-121.929429, 37.369491]}, 'scalerank': 5, 'name': ""San Jose Int'l"", 'abbrev': 'SJC', 'gps_code': 'KSJC', 'iata_code': 'SJC', 'natlscale': 30}]","[{'_id': ObjectId('5e3e9f8390e9e0a16609a020'), 'Brand': 'Starbucks', 'Store Number': '5981-38499', 'Store Name': 'El Camino & Mathilda', 'Ownership Type': 'Company Owned', 'Street Address': '332 W. El Camino Real', 'City': 'Sunnyvale', 'State/Province': 'CA', 'Country': 'US', 'Postcode': 940871306, 'Phone Number': '408-736-6859', 'Timezone': 'GMT-08:00 America/Los_Angeles', 'Longitude': -122.04, 'Latitude': 37.37, 'location': {'type': 'Point', 'coordinates': [-122.04, 37.37]}}]","{'type': 'Point', 'coordinates': [-122.0299706, 37.3764507]}",Siam Taste,"{'type': 'Point', 'coordinates': [-122.0432872, 37.3669917]}",Cumberland Elementary School
